StartDate,EndDate,Status,IPAddress,Progress,Duration (in seconds),Finished,RecordedDate,ResponseId,RecipientLastName,RecipientFirstName,RecipientEmail,ExternalReference,LocationLatitude,LocationLongitude,DistributionChannel,UserLanguage,Q1_1,Q1_2,Q1_3,Q1_4,Q1_5,Q1_6,Q1_7,Q5,Q6,Q7,Q8,Q9,Q10,Q11,Q16,Q12,Q13,Q14
Start Date,End Date,Response Type,IP Address,Progress,Duration (in seconds),Finished,Recorded Date,Response ID,Recipient Last Name,Recipient First Name,Recipient Email,External Data Reference,Location Latitude,Location Longitude,Distribution Channel,User Language,When it comes to Electric Cars... - The Price of electric cars today fits my budget.,When it comes to Electric Cars... - The range of today’s electric cars fit my needs. (Distance a car can travel on a single charge),When it comes to Electric Cars... - An electric car would be practical for my household and lifestyle.,When it comes to Electric Cars... - Brand is an important aspect to consider when buying an electric car.,When it comes to Electric Cars... - The main reason I would buy an electric car is to reduce my carbon footprint.,When it comes to Electric Cars... - I will buy a car (either gas/petrol or electric) next 24 months,When it comes to Electric Cars... - The next car I buy will be an electric car.,What aspects of electric cars are most appealing to someone like you?,What is still lacking about electric cars today?,How old are you?,What is your gender?,What is the highest level of education you have achieved?,"What is your household's annual income?
(Optional)",How would you describe your location?,Do you live in the United States?,What state/province do you live in?,What City do you live in?,Do you work in the Automotive Industry?
"{""ImportId"":""startDate"",""timeZone"":""America/Denver""}","{""ImportId"":""endDate"",""timeZone"":""America/Denver""}","{""ImportId"":""status""}","{""ImportId"":""ipAddress""}","{""ImportId"":""progress""}","{""ImportId"":""duration""}","{""ImportId"":""finished""}","{""ImportId"":""recordedDate"",""timeZone"":""America/Denver""}","{""ImportId"":""_recordId""}","{""ImportId"":""recipientLastName""}","{""ImportId"":""recipientFirstName""}","{""ImportId"":""recipientEmail""}","{""ImportId"":""externalDataReference""}","{""ImportId"":""locationLatitude""}","{""ImportId"":""locationLongitude""}","{""ImportId"":""distributionChannel""}","{""ImportId"":""userLanguage""}","{""ImportId"":""QID1_1""}","{""ImportId"":""QID1_2""}","{""ImportId"":""QID1_3""}","{""ImportId"":""QID1_4""}","{""ImportId"":""QID1_5""}","{""ImportId"":""QID1_7""}","{""ImportId"":""QID1_9""}","{""ImportId"":""QID5_TEXT""}","{""ImportId"":""QID6_TEXT""}","{""ImportId"":""QID7_TEXT""}","{""ImportId"":""QID8""}","{""ImportId"":""QID9""}","{""ImportId"":""QID10""}","{""ImportId"":""QID11""}","{""ImportId"":""QID16""}","{""ImportId"":""QID12_TEXT""}","{""ImportId"":""QID13_TEXT""}","{""ImportId"":""QID14""}"
2020-09-13 08:37:42,2020-09-13 08:39:44,Survey Preview,,100,121,True,2020-09-13 08:39:44,R_2ebtbLV0SNJyps8,,,,,40.676300048828125,-73.9492034912109375,preview,EN,Agree,Agree,Agree,Agree,Somewhat disagree,Strongly Disagree,,",jnb",kjbkj,32,Male,Bachelor's Degree,"$120,000 - $160,000",Urban,,New York,New York,No
2020-09-13 08:50:14,2020-09-13 08:55:40,IP Address,98.220.200.137,100,326,True,2020-09-13 08:55:40,R_2tFrfyLojjMas3i,,,,,41.6837005615234375,-88.3498992919921875,anonymous,EN,Somewhat agree,Neither agree nor disagree,Somewhat agree,Somewhat agree,Agree,Agree,,Low emissions,"Affordability ",49,Male,Bachelor's Degree,"$160,000 - $200,000",Suburban,,Illinois,Yorkville,No
2020-09-13 09:26:21,2020-09-13 09:31:48,IP Address,173.79.14.104,100,327,True,2020-09-13 09:31:49,R_2V8zwuRnsrtsBZb,,,,,38.886505126953125,-77.09110260009765625,anonymous,EN,Agree,Agree,Agree,Strongly agree,Neither agree nor disagree,Somewhat disagree,,Cheaper in the long run than gas cars,Price,28,Male,Master's Degree,"$80,000 - 120,000",Urban,,Virginia,Arlington,No
2020-09-13 09:52:20,2020-09-13 09:53:38,IP Address,45.56.142.196,100,78,True,2020-09-13 09:53:38,R_3Rq4aFtNBynpYKN,,,,,37.751007080078125,-97.82199859619140625,anonymous,EN,Somewhat disagree,Somewhat disagree,Agree,Agree,Neither agree nor disagree,Disagree,,Not needing to worry about an internal combustion engine.,Probably range and time to charge.,31,Male,Bachelor's Degree,"$80,000 - 120,000",,,Illinois,Chicago,No
2020-09-13 18:58:32,2020-09-13 19:00:04,IP Address,24.228.117.247,100,92,True,2020-09-13 19:00:04,R_2z6nSKMgu19ywoZ,,,,,40.676300048828125,-73.9492034912109375,anonymous,EN,Neither agree nor disagree,Neither agree nor disagree,Disagree,Strongly agree,Disagree,Disagree,,,,32,Male,Bachelor's Degree,"$160,000 - $200,000",Urban,,New York,New York,No
2020-09-14 07:28:37,2020-09-14 07:28:55,Survey Preview,,100,18,True,2020-09-14 07:28:55,R_1FCHhRfI2KEN9IH,,,,,40.676300048828125,-73.9492034912109375,preview,EN,Somewhat disagree,Somewhat disagree,Disagree,Somewhat disagree,Neither agree nor disagree,Neither agree nor disagree,,sdfa,asfg,22,Female,,,,,,,
2020-09-14 07:49:21,2020-09-14 07:52:14,IP Address,67.61.165.32,100,172,True,2020-09-14 07:52:14,R_UcIuB5s2xtJna6t,,,,,34.5077056884765625,-97.939300537109375,anonymous,EN,Somewhat agree,Disagree,Disagree,Neither agree nor disagree,Neither agree nor disagree,Somewhat agree,Somewhat disagree,Technology implemented,"Infrastructure (charge station), stability of power supply (think about california), universal charging ",45,Male,Master's Degree,Click to write Choice 8,Rural,,Oklahoma,N/A,No
2020-09-14 07:49:46,2020-09-14 07:53:15,IP Address,125.161.137.175,100,208,True,2020-09-14 07:53:15,R_1oAaqvc62SKGTSJ,,,,,-6.174102783203125,106.82958984375,anonymous,EN,Somewhat disagree,Somewhat agree,Neither agree nor disagree,Somewhat agree,Somewhat agree,Disagree,Disagree,Low maintenance cost and no added fuel cost,Range of electric cars. Usually up to 300 miles,29,Male,Master's Degree,"$80,000 - 120,000",Urban,,WA,Seattle,No
2020-09-14 07:55:51,2020-09-14 07:58:09,IP Address,31.152.250.254,100,137,True,2020-09-14 07:58:09,R_23f95rO7yOE5M3c,,,,,40.5233001708984375,22.2035980224609375,anonymous,EN,Somewhat agree,Somewhat disagree,Agree,Somewhat disagree,Agree,Disagree,Neither agree nor disagree,Carbon footprint,Competitive prices,33,Male,Master's Degree,,Suburban,,,,No
2020-09-14 08:02:51,2020-09-14 08:05:09,IP Address,50.233.222.126,100,138,True,2020-09-14 08:05:10,R_1ds4G3Ag71HqDCR,,,,,41.8719024658203125,-87.65889739990234375,anonymous,EN,Disagree,Somewhat agree,Neither agree nor disagree,Strongly agree,Somewhat agree,Strongly agree,Somewhat agree,"Performance and technology ",Fast charging,41,Male,Doctorate Degree,"More than $300,000",Urban,,IL,Chicago,No
2020-09-14 08:03:51,2020-09-14 08:06:07,IP Address,45.27.31.4,100,135,True,2020-09-14 08:06:07,R_10xvd4RaCKIZUhx,,,,,37.7505950927734375,-122.41210174560546875,anonymous,EN,Disagree,Somewhat disagree,Strongly agree,Somewhat agree,Strongly agree,Strongly agree,Strongly agree,"Performance ","Variety ",50,Male,Bachelor's Degree,"More than $300,000",Urban,,California,San Francisco,No
2020-09-14 08:07:53,2020-09-14 08:09:00,IP Address,70.120.103.22,100,66,True,2020-09-14 08:09:00,R_1jKc4zeXeU4AbEu,,,,,32.96099853515625,-96.984100341796875,anonymous,EN,Somewhat agree,Somewhat agree,Neither agree nor disagree,Somewhat disagree,Neither agree nor disagree,Disagree,Neither agree nor disagree,,,,Male,Master's Degree,"$120,000 - $160,000",Suburban,,,,No
2020-09-14 08:11:35,2020-09-14 08:14:06,IP Address,73.126.96.20,100,151,True,2020-09-14 08:14:06,R_27HXw7MUDSTqFyu,,,,,42.3737030029296875,-71.1284027099609375,anonymous,EN,Neither agree nor disagree,Neither agree nor disagree,Disagree,Agree,Somewhat disagree,Neither agree nor disagree,Disagree,Simpler from a mechanical perspective.,Network of supercharging stations is insufficient in many areas. Note one of the questions above just shows a set of answer choices without a question.,33,Male,Doctorate Degree,,Urban,,MA,Cambridge,No
2020-09-14 08:26:25,2020-09-14 08:27:50,IP Address,174.244.128.98,100,85,True,2020-09-14 08:27:51,R_ZCeR4erTFX8brep,,,,,40.69549560546875,-73.96669769287109375,anonymous,EN,Neither agree nor disagree,Neither agree nor disagree,Strongly Disagree,Agree,Agree,Strongly agree,Neither agree nor disagree,,,39,Male,Bachelor's Degree,"$120,000 - $160,000",Urban,,Ny,Nyc,No
2020-09-14 08:24:32,2020-09-14 08:32:15,IP Address,47.208.185.177,100,463,True,2020-09-14 08:32:15,R_1jH6upmaiWjN1mJ,,,,,39.3385009765625,-120.1728973388671875,anonymous,EN,Somewhat disagree,Neither agree nor disagree,Neither agree nor disagree,Disagree,Agree,Strongly Disagree,Neither agree nor disagree,That it's better for the planet,"Affordability ",35,Female,Master's Degree,"More than $300,000",Urban,,CA,Santa Monica,No
2020-09-14 08:32:30,2020-09-14 08:35:21,IP Address,70.121.64.221,100,171,True,2020-09-14 08:35:22,R_2s6VOIi7RmMYvIw,,,,,30.5045013427734375,-97.82089996337890625,anonymous,EN,Disagree,Somewhat agree,Disagree,Agree,Strongly agree,Strongly Disagree,Somewhat agree,It’s overall positive impact on the environment.,Availability of charging ports and the overall range provided by current models.,41,Male,Master's Degree,"$80,000 - 120,000",Suburban,,Texas,Austin,No
2020-09-14 08:46:50,2020-09-14 08:48:25,IP Address,67.133.72.154,100,95,True,2020-09-14 08:48:26,R_3ef6x8aYLYthEm9,,,,,33.7147064208984375,-112.2400970458984375,anonymous,EN,Somewhat disagree,Strongly Disagree,Strongly Disagree,Somewhat agree,Agree,Strongly Disagree,Disagree,"The lack of gas ","Range and radiation safety ",40,Female,Bachelor's Degree,"$80,000 - 120,000",Suburban,,"Arizona ","Phoenix ",No
2020-09-14 08:49:33,2020-09-14 08:50:58,IP Address,63.240.136.242,100,84,True,2020-09-14 08:50:58,R_3HzQObYdrJ82yIR,,,,,39.861602783203125,-88.9355010986328125,anonymous,EN,Strongly agree,Somewhat disagree,Disagree,Strongly agree,Neither agree nor disagree,Disagree,Disagree,Not paying for gas,Towing capacity,25,Male,Master's Degree,"$40,000 - 80,000",Rural,,Illinois,Decatur,No
2020-09-14 08:52:10,2020-09-14 08:53:49,IP Address,76.31.136.220,100,98,True,2020-09-14 08:53:49,R_31AdPose0xrlyW1,,,,,29.832305908203125,-95.73600006103515625,anonymous,EN,Somewhat agree,Somewhat agree,Agree,Agree,Agree,Agree,Agree,,"More mileage ",39,Female,Master's Degree,"$120,000 - $160,000",Urban,,Texas,Cypress,No
2020-09-14 08:59:47,2020-09-14 09:01:11,IP Address,67.184.118.234,100,84,True,2020-09-14 09:01:11,R_xbh5UylwCiZsMPD,,,,,41.9459991455078125,-87.70330047607421875,anonymous,EN,Disagree,Disagree,Disagree,Agree,Strongly agree,Disagree,Disagree,,,33,Male,Bachelor's Degree,,Urban,,Illinois,Chicago,No
2020-09-14 09:28:33,2020-09-14 09:31:57,IP Address,69.255.197.81,100,203,True,2020-09-14 09:31:57,R_30pLiNmoNKol33l,,,,,39.329803466796875,-76.63500213623046875,anonymous,EN,Neither agree nor disagree,Somewhat disagree,Somewhat agree,Neither agree nor disagree,Somewhat disagree,Disagree,Somewhat disagree,"I might chose a hybrid option for my next car due to
Fuel efficiency and the long range capability ",Range. It works for most situations when you’re only using the car in the city but I don’t want to chose an car with only a battery.,28,Female,Master's Degree,"$200,000 - $300,000",Urban,,"Maryland ",,No
2020-09-14 09:57:25,2020-09-14 09:59:00,IP Address,71.86.167.53,100,94,True,2020-09-14 09:59:00,R_9ZFZt0LAYGqM1Hz,,,,,43.07000732421875,-89.51059722900390625,anonymous,EN,Strongly Disagree,Disagree,Neither agree nor disagree,Disagree,Agree,Strongly Disagree,Strongly Disagree,Carbon footprint,Access to charging,32,Female,Bachelor's Degree,"$80,000 - 120,000",Suburban,,,,No
2020-09-14 10:21:49,2020-09-14 10:24:19,IP Address,174.221.158.232,100,149,True,2020-09-14 10:24:19,R_1NmlCsuSmo3Hq7b,,,,,41.698394775390625,-87.70310211181640625,anonymous,EN,Somewhat disagree,Somewhat agree,Somewhat agree,Agree,Somewhat agree,Somewhat agree,Somewhat agree,,"Charging stations and charging speed ",40,Male,Master's Degree,"$200,000 - $300,000",Urban,,IL,Chicago,No
2020-09-14 11:24:31,2020-09-14 11:27:24,IP Address,64.53.248.245,100,172,True,2020-09-14 11:27:24,R_1MXQ1HvMBibLjQ6,,,,,42.0128021240234375,-88.09670257568359375,anonymous,EN,Strongly Disagree,Strongly Disagree,Somewhat disagree,Agree,Somewhat disagree,Strongly Disagree,Strongly Disagree,"Speed off the line, use of them to promote autonomy. ","Driving distance, charging infrastructure, styling, cost. ",28,Female,Master's Degree,"$120,000 - $160,000",Suburban,,"Illinois ","Rolling Meadows ",Yes
2020-09-14 11:53:07,2020-09-14 11:54:53,IP Address,70.95.68.217,100,105,True,2020-09-14 11:54:53,R_123AMENzwD6CAb0,,,,,32.9510955810546875,-117.22409820556640625,anonymous,EN,Strongly Disagree,Somewhat disagree,Strongly Disagree,Neither agree nor disagree,Neither agree nor disagree,Agree,Strongly Disagree,Range,Range and price,30,Male,Master's Degree,"$160,000 - $200,000",Suburban,,"California ",San Diego,No
2020-09-14 11:54:55,2020-09-14 11:56:44,IP Address,71.57.101.241,100,108,True,2020-09-14 11:56:44,R_12sAus5W7dVdjI7,,,,,41.59100341796875,-88.04840087890625,anonymous,EN,Somewhat agree,Strongly agree,Strongly agree,Agree,Agree,Disagree,Somewhat agree,"Reduce carbon footprint ","More variety ",37,Male,Bachelor's Degree,"$120,000 - $160,000",Suburban,,Illinois,Lemont,No
2020-09-14 12:00:07,2020-09-14 12:01:07,IP Address,50.205.61.98,100,60,True,2020-09-14 12:01:08,R_1je7HE41YBv4q4r,,,,,29.8365020751953125,-95.4376983642578125,anonymous,EN,Disagree,Disagree,Disagree,Neither agree nor disagree,Somewhat agree,Disagree,Strongly Disagree,Acceleration,Range,44,Male,Bachelor's Degree,"$120,000 - $160,000",Suburban,,Texas,Houston,No
2020-09-14 11:14:52,2020-09-14 12:01:28,IP Address,162.119.16.13,100,2795,True,2020-09-14 12:01:28,R_UFoyvAcQYnlgbyp,,,,,37.7368927001953125,-122.24269866943359375,anonymous,EN,Disagree,Disagree,Somewhat agree,Agree,Disagree,Agree,Neither agree nor disagree,"Fuel savings. Instant torque. Future tech. ","Price. Charging takes too long. Tesla or bust. ",34,Male,Master's Degree,"$200,000 - $300,000",Suburban,,California,Newark,No
2020-09-14 14:52:21,2020-09-14 15:16:16,IP Address,50.4.81.165,100,1435,True,2020-09-14 15:16:17,R_2dWPLqeYfFegFSo,,,,,41.246307373046875,-81.83100128173828125,anonymous,EN,Somewhat agree,Disagree,Disagree,Strongly agree,Strongly agree,Strongly agree,Somewhat disagree,"reduced emissions , gives almost the same features as a regular car ,  low maintainance ,  Tax breaks , ","longer recharge times , short running distance and un reliability around charging stations. 
",38,Male,Bachelor's Degree,,Urban,,ohio,cleveland,No
2020-09-14 16:54:57,2020-09-14 16:56:22,IP Address,99.52.170.129,100,84,True,2020-09-14 16:56:22,R_2pXXE6pwR2W1hWp,,,,,41.946197509765625,-88.07579803466796875,anonymous,EN,Somewhat agree,Agree,Agree,Strongly agree,Somewhat agree,Somewhat agree,Somewhat agree,No gas,Range,46,Male,Master's Degree,"More than $300,000",Suburban,,"Illinois ",,No
2020-09-14 17:10:35,2020-09-14 17:12:44,IP Address,98.209.34.118,100,128,True,2020-09-14 17:12:44,R_3oO1DDyWiaJq5pI,,,,,42.66259765625,-83.1837005615234375,anonymous,EN,Disagree,Agree,Agree,Agree,Neither agree nor disagree,Disagree,Disagree,If electricity was made from renewable resources in my city,City has to make electricity from renewable resources,37,Female,Master's Degree,"$120,000 - $160,000",Urban,,Michigan,Rochester Hills,No
2020-09-14 17:29:25,2020-09-14 17:33:58,IP Address,68.190.216.223,100,273,True,2020-09-14 17:33:58,R_27Kk38ILiI46TaF,,,,,34.14239501953125,-118.125701904296875,anonymous,EN,Neither agree nor disagree,Somewhat agree,Somewhat disagree,Somewhat agree,Somewhat agree,Strongly Disagree,Agree,"reduce carbon footprint, performance, low maintenance ",available charging in many residential places,36,Male,Master's Degree,"$80,000 - 120,000",Urban,,CA,Pasadena,Yes
2020-09-14 17:37:42,2020-09-14 17:40:35,IP Address,199.7.157.2,100,173,True,2020-09-14 17:40:35,R_1dsQL7Fkj4INpY9,,,,,43.654693603515625,-79.36229705810546875,anonymous,EN,Somewhat disagree,Agree,Agree,Somewhat disagree,Strongly agree,Strongly agree,Agree,"Lower carbon emissions, ease of maintenance. Also interested in being part of the future landscape of transport.",Mainly price. It’s close to affordable but a major investment. The technology also changes fast.,46,Male,Master's Degree,"$120,000 - $160,000",Urban,,Ontario,"Ottawa ",No
2020-09-14 17:51:45,2020-09-14 17:54:02,IP Address,67.169.164.22,100,136,True,2020-09-14 17:54:02,R_2dxS9Hevx3bkwbS,,,,,37.3177032470703125,-122.04380035400390625,anonymous,EN,Somewhat disagree,Somewhat disagree,Somewhat agree,Agree,Strongly agree,Strongly Disagree,Neither agree nor disagree,"Range, affordability",Recharge time is too long,39,Male,Master's Degree,"$200,000 - $300,000",Urban,,CA,San Jose,No
2020-09-14 17:59:15,2020-09-14 18:01:05,IP Address,65.79.144.127,100,109,True,2020-09-14 18:01:05,R_3h4pT2e8izzKfM3,,,,,41.95550537109375,-87.6613006591796875,anonymous,EN,Disagree,Somewhat agree,Strongly agree,Somewhat agree,Disagree,Strongly Disagree,Disagree,No gas,Price,36,Male,Doctorate Degree,"$200,000 - $300,000",Urban,,Il,Chicago,No
2020-09-14 18:06:03,2020-09-14 18:07:28,IP Address,68.193.40.176,100,85,True,2020-09-14 18:07:29,R_PTAeUbyQyfhUi9b,,,,,40.927703857421875,-74.34279632568359375,anonymous,EN,Somewhat disagree,Neither agree nor disagree,Neither agree nor disagree,Agree,Agree,Agree,Disagree,"Eco friendly ",Family friendly and cost effective,34,Female,Master's Degree,"More than $300,000",Suburban,,New Jersey,,No
2020-09-14 18:33:46,2020-09-14 18:36:44,IP Address,217.180.232.14,100,177,True,2020-09-14 18:36:44,R_3MFr8v4dHksNsBU,,,,,41.9976959228515625,-88.6923980712890625,anonymous,EN,Disagree,Somewhat disagree,Somewhat disagree,Agree,Strongly Disagree,Strongly Disagree,Strongly agree,Reduced use of gasoline and reduced cost of driving. Also the time saved from needing to get gas.,"Range, and affordability.",32,Male,Bachelor's Degree,"$120,000 - $160,000",Suburban,,Illinois,"Oswego ",No
2020-09-14 18:38:56,2020-09-14 18:42:17,IP Address,71.223.160.41,100,201,True,2020-09-14 18:42:17,R_2idSWa6bl2ZEsNj,,,,,33.5612945556640625,-112.14420318603515625,anonymous,EN,Strongly agree,Somewhat agree,Strongly agree,Strongly agree,Agree,Strongly agree,Strongly agree,"Environment 
Tax Benefits
Drive","I have been using electric for 4.5 years and they are perfect for my needs. ",40,Male,Doctorate Degree,,Suburban,,Arizona,"Phoenix ",No
2020-09-14 19:01:20,2020-09-14 19:02:32,IP Address,73.247.97.244,100,71,True,2020-09-14 19:02:32,R_3qwzvXQqlaVJX5i,,,,,42.161407470703125,-87.96600341796875,anonymous,EN,Disagree,Strongly Disagree,Strongly agree,Strongly agree,Strongly Disagree,Strongly Disagree,Strongly Disagree,Savings on gas prices,"How far they can go, infrastructure for easy re-charging",41,Female,Doctorate Degree,,Suburban,,Illinois,Chicago,No
2020-09-14 19:08:12,2020-09-14 19:10:39,IP Address,76.29.82.100,100,146,True,2020-09-14 19:10:39,R_30wavFB3KifLM5d,,,,,41.873199462890625,-88.0001983642578125,anonymous,EN,Somewhat disagree,Agree,Somewhat agree,Agree,Strongly Disagree,Somewhat agree,Agree,"No gas or oil changes. They are also more ""current"" than other cars.  ","Too expensive, need more suv models",50,Female,Bachelor's Degree,"$160,000 - $200,000",Suburban,,il,lombard,No
2020-09-14 19:24:38,2020-09-14 19:26:43,IP Address,107.77.217.98,100,124,True,2020-09-14 19:26:43,R_1j7YsCxctd4H9kP,,,,,29.8737945556640625,-95.5233001708984375,anonymous,EN,Neither agree nor disagree,Neither agree nor disagree,Neither agree nor disagree,Neither agree nor disagree,Neither agree nor disagree,Neither agree nor disagree,Neither agree nor disagree,"Performance ",Range,39,Male,Master's Degree,"$120,000 - $160,000",Urban,,TX,Houston,No
2020-09-14 19:28:38,2020-09-14 19:31:49,IP Address,24.118.63.159,100,191,True,2020-09-14 19:31:50,R_2ZJRxtciVnnhoIt,,,,,44.8762969970703125,-93.48650360107421875,anonymous,EN,Somewhat agree,Somewhat agree,Strongly agree,Agree,Agree,Somewhat agree,Somewhat agree,"Reduced carbon footprint, performance, low maintenance cost, and advanced technology. ","Affordibility and history of reliability. ",34,Male,Bachelor's Degree,"$160,000 - $200,000",Suburban,,Minnesota,Eden Prairie,No
2020-09-14 20:55:19,2020-09-14 20:58:02,IP Address,73.22.222.35,100,162,True,2020-09-14 20:58:02,R_4ZsMsVQFUL38w9P,,,,,42.0753936767578125,-87.82219696044921875,anonymous,EN,Strongly Disagree,Somewhat disagree,Neither agree nor disagree,Agree,Somewhat agree,Strongly Disagree,Disagree,"Technology, auto pilot ","Battery too big, not long-lasting, charging takes long, not enough charging stations. ",28,Female,Master's Degree,"$160,000 - $200,000",Suburban,,Illinois,Glenview,No
2020-09-14 21:05:11,2020-09-14 21:06:46,IP Address,67.175.8.152,100,95,True,2020-09-14 21:06:46,R_3pgWMxjMv9Qu38u,,,,,41.8957061767578125,-87.9434967041015625,anonymous,EN,Disagree,Disagree,Somewhat agree,Somewhat agree,Agree,Strongly Disagree,Somewhat agree,"Better for environment ",Chargers available everywhere,38,Female,Doctorate Degree,"$200,000 - $300,000",Suburban,,IL,Elmhurst,No
2020-09-14 21:26:06,2020-09-14 21:28:15,IP Address,72.180.89.22,100,128,True,2020-09-14 21:28:15,R_2amg1iPtDQOzeYD,,,,,33.0325927734375,-96.78589630126953125,anonymous,EN,Somewhat disagree,Somewhat agree,Somewhat agree,Agree,Strongly agree,Strongly Disagree,Agree,Sustainable alternate to gas cars,Price and range could be better,30,Male,Master's Degree,"$160,000 - $200,000",Suburban,,TX,Dallas,No
2020-09-14 22:07:57,2020-09-14 22:10:32,IP Address,173.243.191.174,100,154,True,2020-09-14 22:10:32,R_12brL1dokt1aV11,,,,,39.1215057373046875,-86.578399658203125,anonymous,EN,Disagree,Strongly agree,Agree,Strongly agree,Strongly Disagree,Strongly Disagree,Strongly Disagree,"The technology and capabilities to charge via solar array. ","Cheap enough price point and capability to charge at home without spending a lot of money for charging station ",38,Male,Bachelor's Degree,"$120,000 - $160,000",Suburban,,IN,Bloomington,No
2020-09-14 22:19:42,2020-09-14 22:23:41,IP Address,104.172.140.66,100,238,True,2020-09-14 22:23:41,R_2XagkbahdJKMcxX,,,,,34.21490478515625,-119.1761016845703125,anonymous,EN,Somewhat disagree,Neither agree nor disagree,Disagree,Disagree,Disagree,Somewhat agree,,"Electric cars should have more aggressive body styling, even though when not used to perform racing. Also, they should use better psychoacoustics to impress people that the electric car has more power (i.e. put some more noise when running).","Electric cars still do not have proper infrastructure to support them. Regular cars have gas stations, and there not enough for electric cars and only in places where people can spend money, such as malls.",32,Male,Master's Degree,"$40,000 - 80,000",Suburban,,California,Oxnard,No
2020-09-15 00:30:16,2020-09-15 00:36:14,IP Address,172.114.44.97,100,357,True,2020-09-15 00:36:14,R_yKgcIXkoRGoy7bX,,,,,33.871795654296875,-118.3368988037109375,anonymous,EN,Neither agree nor disagree,Neither agree nor disagree,Agree,Agree,Agree,Strongly Disagree,Neither agree nor disagree,"Gas usage, ease of charging ","Electric Mileage, not being able to take long road trips",42,Female,Bachelor's Degree,"$160,000 - $200,000",Urban,,CA,Los Angeles,No
2020-09-15 01:18:43,2020-09-15 01:21:19,IP Address,71.194.35.143,100,155,True,2020-09-15 01:21:19,R_2Pwd9tKofnzut22,,,,,41.850006103515625,-87.71649932861328125,anonymous,EN,Disagree,Neither agree nor disagree,Somewhat disagree,Somewhat agree,Disagree,Somewhat disagree,Somewhat agree,Cost savings on regular and long term maintenance,"Comprehensive choice is still lacking, not enough models",37,Male,Bachelor's Degree,"$200,000 - $300,000",Urban,,IL,Chicago,No
2020-09-15 07:58:39,2020-09-15 08:28:45,IP Address,206.71.246.38,100,1806,True,2020-09-15 08:28:45,R_2BwJXRCsQcIIdXn,,,,,40.694000244140625,-73.9900970458984375,anonymous,EN,Neither agree nor disagree,Somewhat disagree,Somewhat disagree,Somewhat agree,Strongly agree,Strongly Disagree,Disagree,,,35,Male,Master's Degree,"$80,000 - 120,000",Urban,,NY,astoria,No
2020-09-15 11:47:37,2020-09-15 11:50:14,IP Address,99.152.36.164,100,156,True,2020-09-15 11:50:14,R_votVQFw2E7iiQsF,,,,,42.426300048828125,-82.901397705078125,anonymous,EN,Somewhat agree,Agree,Agree,Agree,Somewhat agree,Somewhat agree,Somewhat disagree,No more spending on gasoline,"Range and fast-charging stations - definitely could not be our only vehicle, would need a second fueled by gasoline still for long trips.",48,Male,Bachelor's Degree,"$200,000 - $300,000",Suburban,,Michigan,Detroit,Yes
2020-09-15 13:24:05,2020-09-15 13:26:30,IP Address,100.36.148.185,100,144,True,2020-09-15 13:26:30,R_2thVcYOR7AQjczF,,,,,38.8173065185546875,-77.290496826171875,anonymous,EN,Disagree,Strongly Disagree,Neither agree nor disagree,Strongly agree,Neither agree nor disagree,Neither agree nor disagree,Somewhat disagree,Tesla is the best made car now.,Range.  Price.,12,Male,Doctorate Degree,Click to write Choice 8,Suburban,,DC,Washington,No
2020-09-15 15:02:43,2020-09-15 15:05:38,IP Address,207.179.239.100,100,175,True,2020-09-15 15:05:39,R_78yh8VduxqYowwN,,,,,40.706298828125,-89.4203033447265625,anonymous,EN,Strongly agree,Strongly agree,Strongly agree,Agree,Strongly agree,Neither agree nor disagree,Strongly agree,The technology in the cars along with the lack of noise and pollution from driving,"Competition,",43,Male,Bachelor's Degree,Click to write Choice 8,Rural,,IL,,No
2020-09-15 18:51:33,2020-09-15 18:54:29,IP Address,173.79.14.104,100,176,True,2020-09-15 18:54:29,R_2f73FWLuhX8bEcL,,,,,38.886505126953125,-77.09110260009765625,anonymous,EN,Somewhat agree,Agree,Neither agree nor disagree,Somewhat agree,Disagree,Somewhat agree,Somewhat agree,acceleration,more range,23,Male,Bachelor's Degree,"$40,000 - 80,000",Suburban,,Maryland,Silver Spring,No
2020-09-15 19:36:29,2020-09-15 19:37:54,IP Address,98.37.15.31,100,84,True,2020-09-15 19:37:54,R_yrlPFK72uyig6yZ,,,,,37.751007080078125,-97.82199859619140625,anonymous,EN,Strongly agree,Strongly agree,Strongly agree,Agree,Strongly agree,Agree,Strongly agree,Sustainability,"I think variety, cost efficiency",36,Male,Master's Degree,"$120,000 - $160,000",Suburban,Yes,California,San Francisco,No
2020-09-15 22:21:12,2020-09-15 22:23:32,IP Address,67.167.245.174,100,140,True,2020-09-15 22:23:32,R_2DYNLLJVXgp25iQ,,,,,41.9983978271484375,-87.7108001708984375,anonymous,EN,Neither agree nor disagree,Somewhat disagree,Disagree,Neither agree nor disagree,Somewhat agree,Somewhat agree,Disagree,environmentally friendly,"I don't have a garage, so I don't know how I would refuel",50,Female,Master's Degree,"$160,000 - $200,000",Urban,Yes,il,chicago,No
2020-09-16 09:32:25,2020-09-16 09:35:48,IP Address,201.170.95.37,100,202,True,2020-09-16 09:35:48,R_2drRBvry88j5Xhp,,,,,32.2808074951171875,-116.67530059814453125,anonymous,EN,Somewhat disagree,Somewhat agree,Agree,Strongly agree,Somewhat agree,Disagree,Agree,"Reducing carbon footprint
Saving money",Nothing,38,Male,Master's Degree,"$40,000 - 80,000",Urban,No,,,No
2020-09-16 10:19:21,2020-09-16 10:21:11,IP Address,99.127.216.34,100,110,True,2020-09-16 10:21:12,R_1NELwu7jj6YecZX,,,,,41.8502044677734375,-87.6735992431640625,anonymous,EN,Strongly Disagree,Agree,Agree,Agree,Agree,Neither agree nor disagree,Neither agree nor disagree,,,49,Male,Master's Degree,"$200,000 - $300,000",Urban,Yes,IL,Chicago,No
2020-09-16 10:49:40,2020-09-16 10:52:09,IP Address,35.141.124.232,100,149,True,2020-09-16 10:52:09,R_2t3tepFJlXbpqqC,,,,,28.49859619140625,-81.53530120849609375,anonymous,EN,Somewhat agree,Somewhat agree,Disagree,Strongly agree,Agree,Neither agree nor disagree,Neither agree nor disagree,SaveS money on gas,Awareness of its benefits,45,Male,Master's Degree,"Less than $40,000",Suburban,Yes,FLorida,Orlando,No
2020-09-16 13:24:26,2020-09-16 13:26:02,IP Address,76.226.92.244,100,96,True,2020-09-16 13:26:02,R_3s0s9QVlRVy7zTv,,,,,34.110992431640625,-84.30249786376953125,anonymous,EN,Strongly Disagree,Agree,Strongly agree,Agree,Agree,Somewhat disagree,Neither agree nor disagree,Low carbon. No oil change,Lower price,30,Male,Master's Degree,"More than $300,000",Urban,Yes,GA,Atlanta,No
2020-09-16 19:17:39,2020-09-16 19:19:10,IP Address,174.221.6.87,100,90,True,2020-09-16 19:19:10,R_3nIVOGF1sI3wv4I,,,,,41.9459991455078125,-87.70330047607421875,anonymous,EN,Disagree,Neither agree nor disagree,Agree,Neither agree nor disagree,Somewhat agree,Somewhat agree,Somewhat disagree,"The technology ",Low pricing,28,Male,Bachelor's Degree,"$80,000 - 120,000",Suburban,Yes,"Illinois ","Naperville ",No
2020-09-16 19:16:59,2020-09-16 19:19:38,IP Address,73.93.90.24,100,159,True,2020-09-16 19:19:38,R_3OTTbBm1y6mOWyZ,,,,,37.777099609375,-122.40599822998046875,anonymous,EN,Somewhat agree,Agree,Agree,Somewhat agree,Strongly agree,Strongly Disagree,Strongly agree,"That they will reduce my carbon footprint. ","The prices are still somewhat prohibitive. ",42,Female,Bachelor's Degree,"$80,000 - 120,000",Urban,Yes,California,San Francisco,No
2020-09-16 19:34:09,2020-09-16 19:36:38,IP Address,24.175.73.168,100,149,True,2020-09-16 19:36:39,R_3lX5kv6M9wppPUp,,,,,29.722900390625,-98.0742034912109375,anonymous,EN,Strongly Disagree,Agree,Agree,Strongly agree,Strongly agree,Strongly Disagree,Neither agree nor disagree,Carbon foot print,Competent market,34,Male,Master's Degree,"$40,000 - 80,000",Suburban,Yes,Texas,New Braunfels,Yes
2020-09-16 19:35:16,2020-09-16 19:38:08,IP Address,165.204.53.104,100,172,True,2020-09-16 19:38:09,R_1n0nAKwQZHofCt8,,,,,37.373992919921875,-121.8594970703125,anonymous,EN,Disagree,Somewhat disagree,Strongly agree,Somewhat agree,Somewhat agree,Neither agree nor disagree,Strongly agree,"Innovation, performance, and environmental footprint","More choices, brands and cost",50,Male,Bachelor's Degree,"More than $300,000",Urban,Yes,California,San Francisco,No
2020-09-16 21:30:02,2020-09-16 21:31:47,IP Address,74.88.160.21,100,104,True,2020-09-16 21:31:47,R_5t0hMYgafPOoNot,,,,,40.6865997314453125,-73.51239776611328125,anonymous,EN,Strongly Disagree,,Neither agree nor disagree,,Strongly agree,Strongly agree,Neither agree nor disagree,Environmental impact,Affordability,40,Male,Master's Degree,,Suburban,Yes,"New York ",,No
2020-09-17 07:18:55,2020-09-17 07:20:23,IP Address,99.82.226.78,100,87,True,2020-09-17 07:20:24,R_2dLtUByCnpMq1CH,,,,,33.5471954345703125,-117.6237945556640625,anonymous,EN,Disagree,Strongly Disagree,Neither agree nor disagree,Agree,Neither agree nor disagree,Strongly Disagree,Strongly agree,Fuel savings,"Range, distance.",42,Male,Master's Degree,"$80,000 - 120,000",Suburban,Yes,CA,Irvine,No
2020-09-17 13:31:46,2020-09-17 13:36:05,IP Address,79.255.162.64,100,259,True,2020-09-17 13:36:06,R_2QXxsNDlyiImWni,,,,,52.682098388671875,13.59649658203125,anonymous,EN,Somewhat disagree,Somewhat disagree,Neither agree nor disagree,Somewhat agree,Somewhat agree,Strongly Disagree,Somewhat agree,eco-friendly,"re-charging infrastructure, quick charge",43,Male,Master's Degree,"$40,000 - 80,000",Suburban,No,Germany,Bernau,No
2020-09-17 16:56:30,2020-09-17 16:59:16,IP Address,107.77.225.70,100,166,True,2020-09-17 16:59:16,R_28YxeSPJCZYeDvH,,,,,40.7960968017578125,-73.95130157470703125,anonymous,EN,Somewhat disagree,Somewhat agree,Agree,Agree,Neither agree nor disagree,Somewhat agree,Somewhat disagree,"Top edge technology features ",Charging stations . Takes a long time to charge ..,38,Male,Master's Degree,"$80,000 - 120,000",Urban,Yes,New York,New York,No
2020-09-17 18:27:40,2020-09-17 18:30:18,IP Address,71.173.157.89,100,157,True,2020-09-17 18:30:18,R_2BfHzdtAKLFeC0B,,,,,40.2615966796875,-76.64679718017578125,anonymous,EN,Neither agree nor disagree,Strongly Disagree,Strongly Disagree,Somewhat agree,Strongly Disagree,Strongly Disagree,Strongly Disagree,I have no interest in electric cars,Engine sound,46,Male,Doctorate Degree,,Suburban,Yes,Pennsylvania,Harrisburg,No
2020-09-17 18:49:16,2020-09-17 18:50:21,IP Address,107.1.159.106,100,64,True,2020-09-17 18:50:21,R_1ONq8Qbc3qIpIkq,,,,,41.9214935302734375,-87.64459991455078125,anonymous,EN,Disagree,Somewhat agree,Disagree,Agree,Somewhat disagree,Disagree,Disagree,,,30,Male,Master's Degree,"$80,000 - 120,000",Urban,Yes,Illinois,Chicago,No
2020-09-17 19:18:21,2020-09-17 19:20:17,IP Address,174.196.204.233,100,115,True,2020-09-17 19:20:17,R_3HjnS9xsB9cKAvA,,,,,42.34979248046875,-71.07649993896484375,anonymous,EN,Somewhat disagree,Somewhat disagree,Strongly Disagree,Agree,Somewhat disagree,Neither agree nor disagree,Disagree,no carbon footprint,"charging time and availability of  superchargers ",33,Male,Doctorate Degree,,Urban,Yes,ma,cambridge,No
2020-09-17 19:26:07,2020-09-17 19:27:05,IP Address,99.203.83.170,100,58,True,2020-09-17 19:27:06,R_2tgvnwlLQnhCy3m,,,,,39.738800048828125,-104.9868011474609375,anonymous,EN,Somewhat disagree,Somewhat disagree,Disagree,Disagree,Agree,Somewhat agree,Disagree,,,28,Male,Bachelor's Degree,"$160,000 - $200,000",Suburban,Yes,CO,,No
2020-09-17 19:29:12,2020-09-17 19:30:15,IP Address,73.211.192.80,100,62,True,2020-09-17 19:30:15,R_3Jk1PwYkyOBzzbX,,,,,42.36669921875,-88.092498779296875,anonymous,EN,Strongly agree,Strongly agree,Strongly agree,Strongly agree,Neither agree nor disagree,Strongly agree,Strongly agree,,,31,Male,Master's Degree,"$80,000 - 120,000",Suburban,Yes,Illinois,Mchenry,No
2020-09-17 19:30:32,2020-09-17 19:31:44,IP Address,98.32.213.83,100,71,True,2020-09-17 19:31:44,R_12yiNdnaWN9ISZd,,,,,41.9208984375,-87.7042999267578125,anonymous,EN,Strongly Disagree,Strongly agree,Strongly agree,Strongly agree,Strongly Disagree,Strongly Disagree,Neither agree nor disagree,"Not having to pay for gas. More specialized repairs. ","Barrier of entry ",28,Male,Bachelor's Degree,"$40,000 - 80,000",Urban,Yes,IL,Chicago,No
2020-09-17 19:29:19,2020-09-17 19:32:33,IP Address,73.45.90.141,100,193,True,2020-09-17 19:32:33,R_1MLGO92lGNNLTS5,,,,,42.2299041748046875,-87.84259796142578125,anonymous,EN,Disagree,Agree,Disagree,Strongly agree,Somewhat agree,Strongly Disagree,Neither agree nor disagree,Next-gen features and functionality,I lack the knowledge to answer this effectively,28,Male,High School Diploma of GED,,Suburban,Yes,IL,Lake Forest,No
2020-09-17 19:26:30,2020-09-17 19:33:40,IP Address,73.22.239.102,100,430,True,2020-09-17 19:33:40,R_2w65g7G1BIgBpuV,,,,,41.83880615234375,-87.78910064697265625,anonymous,EN,Somewhat disagree,Agree,Disagree,Agree,Somewhat agree,Strongly agree,Strongly Disagree,"Primarily the technology and performance aspects are the most intriguing. ","I suppose more availability of super charging stations. I know they’re becoming more common but they need a lot more universal adoption. The car’s themselves have come a long way in the last decade or so. ",25,Male,Bachelor's Degree,"$40,000 - 80,000",Suburban,Yes,"Illinois ","Brookfield ",No
2020-09-17 19:32:33,2020-09-17 19:34:27,IP Address,72.83.1.186,100,114,True,2020-09-17 19:34:28,R_32WxTGZGFY9QkF3,,,,,38.886505126953125,-77.09110260009765625,anonymous,EN,Somewhat agree,Somewhat agree,Agree,Somewhat agree,Strongly agree,Neither agree nor disagree,Agree,"Cost of ownership is lower (no gas, less maintenance), environment/carbon footprint concerns ","Charge time could be faster for long trips ",31,Male,Doctorate Degree,"$200,000 - $300,000",Urban,Yes,"Virginia ","Arlington ",Yes
2020-09-17 19:33:32,2020-09-17 19:36:32,IP Address,67.173.184.153,100,179,True,2020-09-17 19:36:32,R_31o3utLtaUFE6gk,,,,,41.9459991455078125,-87.70330047607421875,anonymous,EN,Disagree,Agree,Strongly agree,Somewhat disagree,Somewhat agree,Somewhat agree,Neither agree nor disagree,Destroying the fossil fuel industry,Charging stations and affordability,28,Male,Some College,"$40,000 - 80,000",Urban,Yes,Illinois,Chicago,No
2020-09-17 19:36:34,2020-09-17 19:38:31,IP Address,73.209.172.84,100,116,True,2020-09-17 19:38:31,R_2z6BTMIN7KYvbKn,,,,,41.94500732421875,-87.79959869384765625,anonymous,EN,Disagree,Somewhat disagree,Agree,Somewhat agree,Strongly agree,Somewhat agree,Somewhat agree,,,32,Male,Bachelor's Degree,"$160,000 - $200,000",Urban,Yes,Illinois,Chicago,No
2020-09-17 19:36:53,2020-09-17 19:39:05,IP Address,198.54.105.158,100,132,True,2020-09-17 19:39:05,R_27Q1W6dZ2U0w5xN,,,,,41.8972015380859375,-87.619598388671875,anonymous,EN,Disagree,Agree,Disagree,Somewhat agree,Agree,Agree,Disagree,,Charging stations,28,Male,Bachelor's Degree,"$80,000 - 120,000",Urban,Yes,IL,Chicago,No
2020-09-17 19:27:24,2020-09-17 19:40:50,IP Address,73.13.19.110,100,806,True,2020-09-17 19:40:50,R_3rMWTVTpdWzPCFG,,,,,39.9485931396484375,-75.2339019775390625,anonymous,EN,Somewhat disagree,Agree,Agree,Somewhat agree,Agree,Strongly Disagree,Neither agree nor disagree,Primarily carbon footprint,,30,Male,Bachelor's Degree,"$120,000 - $160,000",Urban,Yes,PA,Philadelphia,No
2020-09-17 19:41:22,2020-09-17 19:44:40,IP Address,67.176.155.41,100,197,True,2020-09-17 19:44:40,R_3F1W6ZsQBHpc4nm,,,,,41.850006103515625,-87.71649932861328125,anonymous,EN,Somewhat disagree,Somewhat agree,Somewhat agree,Neither agree nor disagree,Somewhat agree,Disagree,Neither agree nor disagree,31,"The overall safety of the vehicles, road side assistance or basic knowledge of the vehicle to fix certain things. ",31,Male,Associate Degree,"Less than $40,000",Urban,Yes,Il,Chicago,No
2020-09-17 19:43:44,2020-09-17 19:45:14,IP Address,172.58.143.110,100,89,True,2020-09-17 19:45:14,R_OrLzWp59VnuGKSR,,,,,41.7696990966796875,-87.6985015869140625,anonymous,EN,Disagree,Disagree,Disagree,Disagree,Somewhat agree,Disagree,Neither agree nor disagree,Features,Practical Features,26,Male,Master's Degree,"$40,000 - 80,000",Urban,Yes,Illinois,Chicago,No
2020-09-17 19:42:31,2020-09-17 19:45:32,IP Address,73.74.205.165,100,180,True,2020-09-17 19:45:32,R_3QRdkHhOcx0jvdU,,,,,41.698394775390625,-88.08249664306640625,anonymous,EN,Disagree,Agree,Somewhat agree,Agree,Somewhat agree,Strongly Disagree,Disagree,Not having to pay for gas. Better for the planet,Affordable pricing,29,Male,Some College,"Less than $40,000",Suburban,Yes,Illinois,Bolingbrook,No
2020-09-17 19:44:45,2020-09-17 19:47:55,IP Address,73.209.29.197,100,190,True,2020-09-17 19:47:56,R_24osfJOj32WIbDQ,,,,,41.97039794921875,-87.7035980224609375,anonymous,EN,Somewhat agree,Strongly agree,Somewhat disagree,Agree,Somewhat agree,Strongly Disagree,Neither agree nor disagree,"Quieter, more cost-efficient, future-proof",Battery technology needs to improve (I think) for reduced emissions to offset increased carbon footprint during production,31,Male,Bachelor's Degree,"$200,000 - $300,000",Urban,Yes,Illinois,Chicago,No
2020-09-17 19:49:31,2020-09-17 19:59:15,IP Address,98.253.37.85,100,584,True,2020-09-17 19:59:16,R_OOkUxiwOV8AsVc5,,,,,42.0753936767578125,-87.82219696044921875,anonymous,EN,Disagree,Agree,Agree,Agree,Strongly agree,Somewhat agree,Agree,"Style and performance of some of the high end luxury EV’s is just outstanding. I don’t drive a lot of miles these days, so a 50-100 mile range is sufficient for the average day. Anything that can be done to offset carbon emissions in the long run has got my support, although we may have run out of time on the ‘long run’ already","Range and style on brands that aren’t considered luxury. For instance, the affordable options for Tesla are bare bone stock, and quickly become expensive. Then look at a Chevy volt, it’s just goddam ugly. Research needs to be performed on more fossil fuel alternatives.  the government needs to provide more incentive for automotive industry’s move in this direction",31,Male,Some College,"$160,000 - $200,000",Suburban,Yes,Illinois,Chicago,No
2020-09-17 19:58:01,2020-09-17 19:59:37,IP Address,174.51.113.192,100,96,True,2020-09-17 19:59:37,R_30qv7oFD0SEqJCS,,,,,39.5406951904296875,-104.97080230712890625,anonymous,EN,Strongly Disagree,Agree,Strongly agree,Agree,Somewhat disagree,Strongly Disagree,Somewhat disagree,"Acceleration, no oil changes, low maintenance.  ","Diversity of quality EV's that aren't Tesla.  also, charging stations",32,Male,Bachelor's Degree,"$160,000 - $200,000",Suburban,Yes,Colorado,Highlands Ranch,No
2020-09-17 20:04:19,2020-09-17 20:05:56,IP Address,174.221.6.142,100,96,True,2020-09-17 20:05:56,R_1PXH5U8aJK6RVbP,,,,,41.9459991455078125,-87.70330047607421875,anonymous,EN,Somewhat disagree,Disagree,Strongly Disagree,Strongly agree,Somewhat disagree,Neither agree nor disagree,Neither agree nor disagree,,,29,Male,Some College,,Rural,Yes,Illinois,Chicago,Yes
2020-09-17 20:07:21,2020-09-17 20:10:55,IP Address,71.239.45.77,100,213,True,2020-09-17 20:10:55,R_1PTpwigzUsmN2ST,,,,,41.97039794921875,-87.7035980224609375,anonymous,EN,Disagree,Disagree,Strongly Disagree,Agree,Strongly Disagree,Strongly Disagree,Strongly Disagree,"They’re so quiet pedestrians will never hear you coming.  ","A gas tank.  ",35,Male,Master's Degree,"$40,000 - 80,000",Urban,Yes,Il,Chicago,No
2020-09-17 20:17:59,2020-09-17 20:22:02,IP Address,24.183.91.124,100,242,True,2020-09-17 20:22:02,R_30wYo9OoIDeu7l1,,,,,43.06280517578125,-89.31710052490234375,anonymous,EN,Strongly Disagree,Strongly agree,Strongly agree,Agree,Strongly agree,Neither agree nor disagree,Somewhat agree,"It's a modern taste in terms of style and conciousness. ",It's not an option for many low-income renters. How can you charge your car at home when you park in an open lot with dozens of others?,31,Male,Bachelor's Degree,"$40,000 - 80,000",Suburban,Yes,Wisconsin,Monona/Madison,No
2020-09-17 20:12:57,2020-09-17 20:23:24,IP Address,24.57.182.67,100,626,True,2020-09-17 20:23:24,R_21hcV7DIxG58LAP,,,,,42.30279541015625,-83.0345001220703125,anonymous,EN,Agree,Somewhat agree,Somewhat agree,Somewhat agree,Somewhat agree,Agree,Neither agree nor disagree,"Power and miles per charge ",Sometimes power and fancy interior options (Chevy Volt - EW),31,Female,Bachelor's Degree,"More than $300,000",Suburban,No,"Ontario, Canada","Windsor ",No
2020-09-17 20:22:03,2020-09-17 20:26:40,IP Address,198.54.108.230,100,276,True,2020-09-17 20:26:40,R_27USgwSHbQpSnSH,,,,,41.871002197265625,-87.62889862060546875,anonymous,EN,Somewhat agree,Somewhat disagree,Disagree,Strongly agree,Disagree,Somewhat agree,Disagree,"Acceleration, no need to purchase gas.","Charging infrastructure, charge times.",30,Male,Doctorate Degree,,Urban,Yes,Illinois,Chicago,No
2020-09-17 19:56:51,2020-09-17 20:27:27,IP Address,67.173.184.153,100,1836,True,2020-09-17 20:27:27,R_1Fh2y3fjO4nxviV,,,,,41.9459991455078125,-87.70330047607421875,anonymous,EN,Strongly Disagree,Somewhat agree,Somewhat disagree,Agree,Agree,Strongly Disagree,Neither agree nor disagree,Tesla,"The accessibility of charging stations throughout the United States and the price range of the cars available. ",27,Female,Some College,"Less than $40,000",Urban,Yes,Illinois,Chicago,No
2020-09-17 20:32:54,2020-09-17 20:35:58,IP Address,108.212.96.49,100,183,True,2020-09-17 20:35:58,R_sik1dbGXTJm7vWx,,,,,41.7996063232421875,-88.00659942626953125,anonymous,EN,Neither agree nor disagree,Agree,Neither agree nor disagree,Somewhat disagree,Somewhat agree,Somewhat agree,Disagree,I hate getting gas.,"Not necessarily that something is lacking but I live in an apartment complex with a surface parking lot and there are no charging stations. I don't know that I could have an electric car while living at this apartment. Or if I did it would be an inconvenience to charge. ",31,Female,Bachelor's Degree,"$160,000 - $200,000",Suburban,Yes,IL,Downers Grove,No
2020-09-17 20:41:06,2020-09-17 20:42:57,IP Address,172.58.140.123,100,111,True,2020-09-17 20:42:57,R_C8olbodexJCZzZ7,,,,,41.7696990966796875,-87.6985015869140625,anonymous,EN,Strongly Disagree,Somewhat agree,Agree,Neither agree nor disagree,Strongly agree,Agree,Disagree,"Environmental safety, quality, backup reserve of gas. ","Affordability, accessible charging stations, ",27,Male,Associate Degree,"$80,000 - 120,000",Urban,Yes,Illinois,"Chicago ",No
2020-09-17 20:49:21,2020-09-17 20:55:20,IP Address,73.246.28.143,100,358,True,2020-09-17 20:55:20,R_3LhZHRwubzp5Av6,,,,,41.9208984375,-87.7042999267578125,anonymous,EN,Neither agree nor disagree,Agree,Disagree,Disagree,Disagree,Agree,Disagree,"Theyre the car of the future and they are quiet ",ability to work in the cold,27,Male,Bachelor's Degree,"$40,000 - 80,000",Urban,Yes,"Illinois ","Chicago ",No
2020-09-17 21:02:09,2020-09-17 21:03:42,IP Address,24.1.145.17,100,92,True,2020-09-17 21:03:42,R_BX6QeLrr8Bx4iul,,,,,41.8972015380859375,-87.619598388671875,anonymous,EN,Somewhat agree,Strongly agree,Neither agree nor disagree,Strongly Disagree,Somewhat agree,Strongly Disagree,Somewhat disagree,,"Accessibility to a charger (if you live in the city/street parking) ",27,Female,Bachelor's Degree,"$80,000 - 120,000",Urban,Yes,IL,"Chicago ",No
2020-09-17 21:10:50,2020-09-17 21:13:14,IP Address,99.203.75.95,100,144,True,2020-09-17 21:13:14,R_2CxrDlbZQg29lQN,,,,,33.9575958251953125,-118.266998291015625,anonymous,EN,Somewhat disagree,Strongly Disagree,Strongly agree,Strongly agree,Agree,Agree,Neither agree nor disagree,"Reducing carbon footprint 
Lower gas costs 
","Price point.
Electric cars for SUVs and 4x4s
Charging stations and battery life need improvement ",34,Male,Bachelor's Degree,"$160,000 - $200,000",Urban,Yes,CA,Los Angeles,No
2020-09-17 21:12:46,2020-09-17 21:17:05,IP Address,73.50.70.181,100,259,True,2020-09-17 21:17:05,R_33fGa5YYabtFiuM,,,,,41.9208984375,-87.7042999267578125,anonymous,EN,Somewhat disagree,Agree,Somewhat agree,Agree,Strongly agree,Agree,Disagree,Carbon footprint and Brand (Tesla),Bang for your buck. Either you drop 20k and get an electric Honda ... or 60-80k and get a Tesla,39,Male,Bachelor's Degree,"$80,000 - 120,000",Urban,Yes,Il,Chicago,No
2020-09-17 21:22:00,2020-09-17 21:23:30,IP Address,99.203.78.78,100,89,True,2020-09-17 21:23:30,R_3kn0xWLUjNO8xih,,,,,41.8986053466796875,-87.73799896240234375,anonymous,EN,Somewhat disagree,Somewhat agree,Somewhat agree,Agree,Somewhat disagree,Somewhat agree,Somewhat disagree,,,38,Male,Bachelor's Degree,"$120,000 - $160,000",Suburban,Yes,"Illinois ","Riverside ",No
2020-09-17 21:51:10,2020-09-17 21:52:35,IP Address,73.51.254.162,100,84,True,2020-09-17 21:52:35,R_2PvaQiTRYS6nCVP,,,,,41.902496337890625,-87.67259979248046875,anonymous,EN,Agree,Somewhat disagree,Agree,Strongly agree,Somewhat agree,Neither agree nor disagree,Somewhat agree,"Saving money on gas, good for the environment ","Bad for road trips, lack of charging stations",30,Female,Master's Degree,"$120,000 - $160,000",Urban,Yes,IL,Chicago,No
2020-09-17 21:56:17,2020-09-17 21:57:48,IP Address,24.12.215.168,100,91,True,2020-09-17 21:57:48,R_SC4DRQQZgQcNct3,,,,,42.0341949462890625,-87.75679779052734375,anonymous,EN,Disagree,Agree,Agree,Somewhat agree,Somewhat agree,Disagree,Neither agree nor disagree,,,31,Female,Bachelor's Degree,"$40,000 - 80,000",Suburban,Yes,"Illinois ",Skokie,No
2020-09-17 21:58:42,2020-09-17 22:01:32,IP Address,98.32.179.178,100,170,True,2020-09-17 22:01:32,R_2tnaoUsQrN6tn2q,,,,,41.9741058349609375,-87.86209869384765625,anonymous,EN,Disagree,Strongly agree,Neither agree nor disagree,Strongly agree,Neither agree nor disagree,Strongly Disagree,Somewhat agree,"Technology (adaptive cc, remote functions, integration) ","Infrastructure to quickly charge on long trips. ",32,Male,Associate Degree,"$80,000 - 120,000",Urban,Yes,Illinois,"Chicago ",No
2020-09-17 22:25:24,2020-09-17 22:28:05,IP Address,104.33.214.11,100,161,True,2020-09-17 22:28:06,R_31LAT0GeOzZXPe4,,,,,34.1553955078125,-118.595703125,anonymous,EN,Somewhat agree,Agree,Somewhat agree,Agree,Agree,Somewhat agree,Neither agree nor disagree,"Less of a carbon footprint and efficiency ","Storage space ",33,Male,Master's Degree,,Suburban,Yes,"California ","Los Angeles ",No
2020-09-17 22:29:38,2020-09-17 22:32:37,IP Address,107.77.214.6,100,179,True,2020-09-17 22:32:38,R_3hliL58lmme8T6j,,,,,37.9647979736328125,-121.7700042724609375,anonymous,EN,Somewhat disagree,Agree,Agree,Somewhat agree,Somewhat disagree,Neither agree nor disagree,Neither agree nor disagree,"Lack of gas needs, and environmental concerns","Long distance range, somewhat the charging but less so now than ever",35,Male,Master's Degree,"$120,000 - $160,000",Urban,Yes,CA,San Francisco,No
2020-09-17 23:16:21,2020-09-17 23:18:21,IP Address,50.235.229.34,100,119,True,2020-09-17 23:18:21,R_2pVom7k1NUhTkOa,,,,,41.8957061767578125,-87.9434967041015625,anonymous,EN,Neither agree nor disagree,Somewhat agree,Somewhat agree,Somewhat agree,Agree,Strongly Disagree,Neither agree nor disagree,"The torque ",Style,28,Male,Associate Degree,"$40,000 - 80,000",Suburban,Yes,IL,Chicago,No
2020-09-17 23:16:44,2020-09-17 23:21:43,IP Address,98.222.223.121,100,298,True,2020-09-17 23:21:43,R_3DgSugY9gqudpOV,,,,,42.313995361328125,-88.99700164794921875,anonymous,EN,Somewhat disagree,Neither agree nor disagree,Somewhat disagree,Somewhat agree,Strongly agree,Neither agree nor disagree,Neither agree nor disagree,"carbon footprint reduction
promoting our future","lack of infrastructure and charging stations + extra household costs.
style",34,Female,Bachelor's Degree,"$40,000 - 80,000",Suburban,Yes,IL,rockford,No
2020-09-17 23:50:58,2020-09-17 23:52:23,IP Address,76.29.22.191,100,84,True,2020-09-17 23:52:23,R_3mz6V6WmzySbxTj,,,,,42.03070068359375,-87.810699462890625,anonymous,EN,Somewhat disagree,Neither agree nor disagree,Somewhat agree,Agree,Somewhat agree,Strongly agree,Somewhat agree,,,32,Male,Associate Degree,"$80,000 - 120,000",Suburban,Yes,Illinois,"Lincolnwood ",No
2020-09-18 00:22:17,2020-09-18 00:27:58,IP Address,122.2.110.106,100,340,True,2020-09-18 00:27:59,R_3flSuQLpa8pFg06,,,,,14.601898193359375,120.989593505859375,anonymous,EN,Somewhat disagree,Somewhat disagree,Strongly agree,Somewhat agree,Agree,Agree,Somewhat agree,lower cost of maintenance,variety of models,30,Female,Bachelor's Degree,"$160,000 - $200,000",Urban,Yes,Illinois,Chicago,No
2020-09-18 01:51:14,2020-09-18 01:55:11,IP Address,73.168.16.9,100,237,True,2020-09-18 01:55:11,R_32QGMl4dZXxIioI,,,,,42.046905517578125,-88.1051025390625,anonymous,EN,Somewhat disagree,Agree,Neither agree nor disagree,Disagree,Somewhat agree,Disagree,Disagree,,,28,Male,Some College,"$40,000 - 80,000",Suburban,Yes,"Illinois ","Chicago ",No
2020-09-18 03:49:40,2020-09-18 03:52:54,IP Address,98.228.197.230,100,193,True,2020-09-18 03:52:54,R_s68WRPA7YlfoZ5T,,,,,42.03070068359375,-87.810699462890625,anonymous,EN,Strongly Disagree,Agree,Neither agree nor disagree,Agree,Neither agree nor disagree,Strongly Disagree,Somewhat agree,"Not having to purchase gas every other week. ",I still feel the prices are out of my budget,32,Male,Bachelor's Degree,"Less than $40,000",Suburban,Yes,"Illinois ","Morton grove ",No
2020-09-18 05:47:29,2020-09-18 05:50:00,IP Address,73.210.152.36,100,151,True,2020-09-18 05:50:00,R_1f9nQJqUIAwPBip,,,,,41.975494384765625,-88.087799072265625,anonymous,EN,Somewhat disagree,Strongly agree,Strongly agree,Somewhat agree,Strongly agree,Neither agree nor disagree,Strongly agree,"Getting 300 miles to the gallon with a a charge. ",The price is still a lot and it’s not widely available. Only a few models have electric cars,30,Female,Bachelor's Degree,"$160,000 - $200,000",Suburban,Yes,Il,"Chicago ",No
2020-09-18 06:26:54,2020-09-18 06:28:46,IP Address,73.51.24.116,100,112,True,2020-09-18 06:28:46,R_1jHetniSQ21NfxR,,,,,41.902496337890625,-87.67259979248046875,anonymous,EN,Somewhat agree,Somewhat agree,Disagree,Disagree,Strongly agree,Somewhat agree,Strongly agree,Less pollution,Need more variety in style,29,Female,Bachelor's Degree,"$40,000 - 80,000",Urban,Yes,"Illinois ",Chicago,No
2020-09-18 06:56:21,2020-09-18 06:59:35,IP Address,45.22.123.107,100,194,True,2020-09-18 06:59:35,R_3dWgwxIYW0LWTrs,,,,,41.9031982421875,-87.63829803466796875,anonymous,EN,Somewhat disagree,Somewhat agree,Strongly agree,Agree,Strongly agree,Strongly Disagree,Strongly agree,The distance the car can travel prior to refill and the aesthetics of the interior. Tesla is my number one for it's clean look and long lasting battery.,"I think the main thing lacking is the number of refill spots along interstates. The cars may be able to travel a long distance, but if there are no refill spots in between it can keep someone from traveling too far.",29,Male,Bachelor's Degree,"$120,000 - $160,000",Urban,Yes,IL,Chicago,No
2020-09-18 07:16:00,2020-09-18 07:18:21,IP Address,73.36.40.75,100,140,True,2020-09-18 07:18:21,R_xyphYKzFnT5RGbn,,,,,41.8209075927734375,-87.85150146484375,anonymous,EN,Disagree,Neither agree nor disagree,Somewhat agree,Agree,Strongly agree,Strongly Disagree,Disagree,"Better for the environment ","Not sure about the mileage. ",27,Female,Bachelor's Degree,"$40,000 - 80,000",Urban,Yes,Illinois,Chicago,No
2020-09-18 07:37:11,2020-09-18 07:40:13,IP Address,172.58.143.96,100,181,True,2020-09-18 07:40:13,R_4NKTFFzzJSgZ8WJ,,,,,41.7696990966796875,-87.6985015869140625,anonymous,EN,Somewhat disagree,Strongly agree,Strongly agree,Agree,Somewhat agree,Agree,Neither agree nor disagree,The quickness,"Recharge convenience, time to recharge  ",29,Male,Associate Degree,"$120,000 - $160,000",Suburban,Yes,Illinois,Chicago,No
2020-09-18 07:44:14,2020-09-18 07:45:57,IP Address,108.83.52.67,100,103,True,2020-09-18 07:45:58,R_2njVo3T38ZGKL6N,,,,,41.9720001220703125,-87.7595977783203125,anonymous,EN,Somewhat disagree,Somewhat agree,Neither agree nor disagree,Strongly agree,Somewhat agree,Strongly Disagree,Strongly Disagree,Saving $ on Gas,"The style/model ",33,Male,Associate Degree,"$40,000 - 80,000",Suburban,Yes,"IL ","Chicago ",No
2020-09-18 07:56:09,2020-09-18 07:57:51,IP Address,8.9.113.181,100,101,True,2020-09-18 07:57:51,R_2TYSDBTqgqXeTxn,,,,,41.901702880859375,-87.65630340576171875,anonymous,EN,Somewhat disagree,Somewhat disagree,Agree,Agree,Disagree,Somewhat disagree,Neither agree nor disagree,Self-driving option,Cost,35,Male,Bachelor's Degree,"$160,000 - $200,000",Urban,Yes,Illinois,Chicago,No
2020-09-18 08:15:29,2020-09-18 08:17:44,IP Address,165.124.84.13,100,134,True,2020-09-18 08:17:44,R_3GjPxZ5uGXZ6o7U,,,,,41.9409027099609375,-87.6531982421875,anonymous,EN,Neither agree nor disagree,Agree,Agree,Agree,Agree,Agree,Neither agree nor disagree,The environmental benefits,Possibly availability of charging stations?,27,Female,Bachelor's Degree,"$40,000 - 80,000",Urban,Yes,"IL ",Chicago,No
2020-09-18 08:16:36,2020-09-18 08:18:25,IP Address,174.221.11.173,100,109,True,2020-09-18 08:18:26,R_2tAs7ocwEmW3uIO,,,,,41.9409027099609375,-87.6531982421875,anonymous,EN,Agree,Somewhat agree,Disagree,Agree,Agree,Somewhat agree,Disagree,Reducing carbon footprint,,35,Female,Bachelor's Degree,"$120,000 - $160,000",Suburban,Yes,Illinois,Oak Park,No
2020-09-18 08:40:07,2020-09-18 08:42:17,IP Address,71.239.47.167,100,130,True,2020-09-18 08:42:17,R_pyogdWkCHcHAd5T,,,,,41.902496337890625,-87.67259979248046875,anonymous,EN,Disagree,Somewhat agree,Somewhat agree,Strongly agree,Agree,Strongly Disagree,Somewhat agree,The smaller carbon footprint and the savings on gas (even with a hybrid),"Lack of variety in general. I prefer small SUVs, and most electric cars or hybrids are still smaller vehicles that don’t really fit my needs ",27,Female,Some College,"Less than $40,000",Urban,Yes,Illinois,Chicago,No
2020-09-18 08:45:14,2020-09-18 08:48:15,IP Address,98.212.40.250,100,180,True,2020-09-18 08:48:15,R_2c1m1CuNRaN671m,,,,,42.0487060546875,-87.8905029296875,anonymous,EN,Somewhat agree,Somewhat agree,Agree,Somewhat agree,Strongly agree,Disagree,Neither agree nor disagree,"Futuristic yet simple style, neat accessories within vehicle",Not a lot of availability for SUVs although slowing getting there,34,Female,Bachelor's Degree,,Suburban,Yes,Illinois,Des Plaines,No
2020-09-18 08:52:59,2020-09-18 08:54:41,IP Address,100.38.185.184,100,102,True,2020-09-18 08:54:41,R_3UAeAueZ1uy1fpf,,,,,40.6002044677734375,-74.1468963623046875,anonymous,EN,Somewhat disagree,Somewhat agree,Strongly agree,Somewhat agree,Strongly agree,Agree,Neither agree nor disagree,,,32,Female,Bachelor's Degree,,Urban,Yes,New York,Staten island,No
2020-09-18 08:14:44,2020-09-18 08:55:35,IP Address,73.51.71.172,100,2450,True,2020-09-18 08:55:35,R_3PRVoVPMp2XT0Na,,,,,41.94500732421875,-87.79959869384765625,anonymous,EN,Disagree,Somewhat agree,Disagree,Agree,Agree,Disagree,Somewhat agree,"Reduce carbon footprint, save more money on gas",Affordability,33,Male,Bachelor's Degree,"$80,000 - 120,000",Urban,Yes,IL,Chicago,No
2020-09-18 09:44:52,2020-09-18 09:46:00,IP Address,156.146.50.198,100,68,True,2020-09-18 09:46:00,R_33BcIvX5zV21j8O,,,,,41.848297119140625,-87.651702880859375,anonymous,EN,Somewhat agree,Somewhat agree,Agree,Agree,Agree,Strongly Disagree,Neither agree nor disagree,Lower costs when it comes to energy consumption and the reduction of my overall carbon footprint.,Competitive pricing.,29,Male,Bachelor's Degree,"$40,000 - 80,000",Urban,Yes,Illinois,Chicago,No
2020-09-18 11:38:02,2020-09-18 11:41:29,IP Address,99.10.77.175,100,207,True,2020-09-18 11:41:29,R_3hrz4hRt9m1JUUY,,,,,34.1056976318359375,-118.3285980224609375,anonymous,EN,Agree,Agree,Strongly agree,Strongly agree,Somewhat agree,Strongly agree,Strongly agree,"I drive a Jeep Wrangler, so not spending so much on gas! ","They aren't very many options when you go shopping for one. ",28,Female,Bachelor's Degree,"$80,000 - 120,000",Urban,Yes,California,Los Angeles,No
2020-09-18 11:57:39,2020-09-18 12:00:31,IP Address,99.190.125.84,100,172,True,2020-09-18 12:00:32,R_2q7slEAgBlGbt7t,,,,,42.2852935791015625,-87.9532012939453125,anonymous,EN,Somewhat agree,Somewhat agree,Neither agree nor disagree,Agree,Somewhat agree,Neither agree nor disagree,Neither agree nor disagree,"Saving gas, tech ology","Assurance of safety and reliability ",43,Male,Some College,"$120,000 - $160,000",Suburban,Yes,Il,"Mundelein ",Yes
2020-09-18 12:08:36,2020-09-18 12:11:18,IP Address,73.246.172.76,100,162,True,2020-09-18 12:11:18,R_DPguny1G32cLS3n,,,,,41.8040008544921875,-87.707000732421875,anonymous,EN,Somewhat agree,Somewhat agree,Agree,Somewhat agree,Somewhat agree,Strongly Disagree,Neither agree nor disagree,,Charging station availability,31,Male,Bachelor's Degree,,Urban,Yes,IL,Chicago,No
2020-09-18 12:10:16,2020-09-18 12:11:44,IP Address,103.252.202.176,100,88,True,2020-09-18 12:11:44,R_UEX1n6cn71Z5qlH,,,,,1.3256988525390625,103.910888671875,anonymous,EN,Neither agree nor disagree,Neither agree nor disagree,Agree,Somewhat agree,Strongly agree,Disagree,Somewhat agree,Environmental and less money spent on petrol,Available charging stations around,31,Female,Bachelor's Degree,"$120,000 - $160,000",Urban,No,,,No
2020-09-18 13:43:44,2020-09-18 13:45:54,IP Address,24.13.62.65,100,129,True,2020-09-18 13:45:54,R_2WIocOyp4P9xGlv,,,,,41.9456939697265625,-87.7393035888671875,anonymous,EN,Somewhat agree,Disagree,Somewhat disagree,Somewhat agree,Disagree,Strongly agree,Disagree,"Low maintenance ",Charging network,28,Male,Bachelor's Degree,"$160,000 - $200,000",Urban,Yes,IL,Chicago,Yes
2020-09-18 14:55:58,2020-09-18 14:57:41,IP Address,207.229.136.40,100,103,True,2020-09-18 14:57:42,R_xhfxMH6UgwXykLv,,,,,42.035400390625,-87.73699951171875,anonymous,EN,Somewhat disagree,Somewhat disagree,Agree,Agree,Agree,Disagree,Agree,Reduced carbon footprint. No more buying gas.,"Efficiency and issues with potential environmental hazards with the use of batteries ",30,Male,Doctorate Degree,"$40,000 - 80,000",Suburban,Yes,Illinois,Chicago,No
2020-09-18 15:42:59,2020-09-18 15:46:09,IP Address,154.21.212.7,100,190,True,2020-09-18 15:46:09,R_1IxVMfkuJsoRINt,,,,,37.751007080078125,-97.82199859619140625,anonymous,EN,Disagree,Somewhat disagree,Strongly agree,Somewhat agree,Somewhat agree,Strongly agree,Neither agree nor disagree,"Low per/mile costs, home recharging, awesome cars overall. ","Limited range and ability to conveniently recharge on long trips. Maintenance costs and low resale value. ",30,Male,Bachelor's Degree,"$80,000 - 120,000",Suburban,Yes,CA,Palo Alto,No
2020-09-18 15:49:05,2020-09-18 15:51:06,IP Address,172.58.142.157,100,120,True,2020-09-18 15:51:06,R_1o6jff59J7Y7eHo,,,,,41.9904937744140625,-87.66790008544921875,anonymous,EN,Somewhat agree,Strongly agree,Strongly agree,Strongly agree,Somewhat disagree,Strongly agree,Strongly Disagree,The fact that I don’t have to pump gas in it.,Aesthetic,28,Female,Bachelor's Degree,"$40,000 - 80,000",Urban,Yes,IL,Chicago,No
2020-09-18 15:54:29,2020-09-18 15:56:31,IP Address,75.150.254.241,100,121,True,2020-09-18 15:56:31,R_ptwx1lrQWTrHK7f,,,,,41.5872955322265625,-87.5102996826171875,anonymous,EN,Agree,Somewhat agree,Somewhat disagree,Somewhat agree,Somewhat agree,Neither agree nor disagree,Agree,Reducing my carbon footprint while also spending no money on gas.,Not enough variety to choose from,32,Male,Bachelor's Degree,"$200,000 - $300,000",Urban,Yes,Illinois,Chicago,No
2020-09-18 16:45:20,2020-09-18 16:49:33,IP Address,73.75.32.31,100,252,True,2020-09-18 16:49:33,R_7WDWgWNF01xalkB,,,,,41.9208984375,-87.7042999267578125,anonymous,EN,Disagree,Neither agree nor disagree,Somewhat disagree,Neither agree nor disagree,Somewhat agree,Somewhat agree,Somewhat disagree,"Decreased ECO footprint ","Charging availability ",27,Female,Master's Degree,"$40,000 - 80,000",Urban,Yes,"Illinois ","Chicago ",No
2020-09-18 16:46:53,2020-09-18 16:49:59,IP Address,67.175.46.248,100,186,True,2020-09-18 16:50:00,R_1dishXYHvrfYEzg,,,,,42.0106964111328125,-87.66570281982421875,anonymous,EN,Neither agree nor disagree,Neither agree nor disagree,Somewhat agree,Strongly agree,Somewhat agree,Agree,Neither agree nor disagree,carbon footprint,I don't know,31,Female,Master's Degree,"$120,000 - $160,000",Urban,Yes,Illinois,Chicago,No
2020-09-18 16:46:40,2020-09-18 16:50:11,IP Address,47.185.225.113,100,210,True,2020-09-18 16:50:11,R_1oqjRX9hUvObQO8,,,,,33.014801025390625,-96.618896484375,anonymous,EN,Somewhat disagree,Strongly agree,Strongly agree,Somewhat agree,Agree,Agree,Neither agree nor disagree,"Good for the environment, newer electric cars have better power as well",More variety/options,31,Male,Some College,"$80,000 - 120,000",Suburban,Yes,Texas,Plano,No
2020-09-18 16:59:30,2020-09-18 17:01:20,IP Address,174.196.135.215,100,110,True,2020-09-18 17:01:20,R_1pVUxPUcKumn66C,,,,,38.760894775390625,-77.15529632568359375,anonymous,EN,Somewhat disagree,,Somewhat agree,Agree,Agree,Somewhat agree,Neither agree nor disagree,,,29,Female,Doctorate Degree,"$80,000 - 120,000",Urban,Yes,District of columbia,"Washington ",No
2020-09-18 17:12:04,2020-09-18 17:15:14,IP Address,136.49.41.2,100,189,True,2020-09-18 17:15:15,R_3pmwwHyuBQ3CBa8,,,,,30.2422943115234375,-97.7671966552734375,anonymous,EN,Somewhat agree,Somewhat agree,Agree,Somewhat agree,Somewhat agree,Neither agree nor disagree,Neither agree nor disagree,"Not having to spend money on gas. Carbon footprint. ",Distance with single charge. Ability to recharge at home (such as for a person living in an apartment ),33,Female,Doctorate Degree,"$200,000 - $300,000",Urban,Yes,Texas,Austin,No
2020-09-18 17:33:19,2020-09-18 17:36:15,IP Address,192.34.42.46,100,176,True,2020-09-18 17:36:15,R_31XdFvzcVGeKvmR,,,,,32.976104736328125,-115.5290985107421875,anonymous,EN,Agree,Agree,Agree,Agree,Agree,Disagree,Neither agree nor disagree,"Rechargeable, reduction of gas consumption, more efficient",Battery improvements/replacement of expensive batteries after a couple of years,32,Male,Master's Degree,"$80,000 - 120,000",Urban,Yes,California,San Diego,No
2020-09-18 17:35:18,2020-09-18 17:44:16,IP Address,99.9.232.19,100,538,True,2020-09-18 17:44:17,R_1mqniDGKFQzWfWt,,,,,39.01690673828125,-94.31369781494140625,anonymous,EN,Agree,Somewhat disagree,Somewhat disagree,Neither agree nor disagree,Strongly agree,Disagree,Neither agree nor disagree,Lower operating cost,Size and range,63,Female,Bachelor's Degree,"$80,000 - 120,000",Suburban,Yes,Missouri,Blue Springs,No
2020-09-18 18:17:15,2020-09-18 18:19:47,IP Address,103.42.217.68,100,151,True,2020-09-18 18:19:47,R_3ivQRCwptWx7IdS,,,,,16.7826995849609375,96.177093505859375,anonymous,EN,Somewhat agree,Agree,Disagree,Strongly agree,Agree,Disagree,Somewhat agree,31,Availability of charging point in our county’,32,Male,Bachelor's Degree,"$80,000 - 120,000",Urban,No,,Yangon,No
2020-09-18 20:01:29,2020-09-18 20:02:54,IP Address,174.237.10.125,100,85,True,2020-09-18 20:02:54,R_3NwficVvFUcQn0w,,,,,35.078094482421875,-106.65830230712890625,anonymous,EN,Somewhat disagree,Somewhat disagree,Neither agree nor disagree,Strongly agree,Somewhat agree,Strongly agree,Strongly Disagree,"Savings on gasoline ","Distance ",32,Female,Master's Degree,"$40,000 - 80,000",Suburban,Yes,Texas,"El Paso ",No
2020-09-18 20:40:46,2020-09-18 20:45:26,IP Address,70.113.85.57,100,280,True,2020-09-18 20:45:27,R_2tDwpArPctBLmPj,,,,,30.2720947265625,-97.686798095703125,anonymous,EN,Somewhat agree,Somewhat agree,Somewhat disagree,Somewhat agree,Somewhat disagree,Strongly Disagree,Agree,,"It's not the cars themselves. It's the infrastructure. My condo building has no way for me to install a charger and driving to my hometown (Little Rock) from Austin would take so much longer given the the and few locations to recharge. ",41,Male,Master's Degree,"$160,000 - $200,000",Urban,Yes,Texas,Austin,No
2020-09-18 21:14:11,2020-09-18 21:20:08,IP Address,103.73.237.240,100,356,True,2020-09-18 21:20:08,R_1GU1Hqm448Wy4NV,,,,,16.7826995849609375,96.177093505859375,anonymous,EN,Somewhat disagree,Somewhat agree,Somewhat agree,Agree,Agree,Disagree,Neither agree nor disagree,,,34,Male,Bachelor's Degree,"Less than $40,000",Suburban,No,yangon,"yangon ",No
2020-09-18 22:29:18,2020-09-18 22:30:50,IP Address,75.7.170.155,100,91,True,2020-09-18 22:30:50,R_UWKK8zkj5vQqiwp,,,,,32.937896728515625,-96.83840179443359375,anonymous,EN,Strongly Disagree,Disagree,Somewhat disagree,Neither agree nor disagree,Strongly agree,Strongly Disagree,Somewhat agree,"Saving the environment ",Range,29,Male,Master's Degree,"$40,000 - 80,000",Urban,Yes,Tx,Dallas,No
2020-09-18 22:42:38,2020-09-18 22:44:44,IP Address,172.126.19.3,100,126,True,2020-09-18 22:44:45,R_xGzs3Z5SM30Wd5T,,,,,32.988006591796875,-96.6884002685546875,anonymous,EN,Neither agree nor disagree,Agree,Somewhat agree,Somewhat agree,Somewhat agree,Somewhat agree,Neither agree nor disagree,,,64,Female,Bachelor's Degree,,Suburban,Yes,Texas,"Richardson ",No
2020-09-18 23:18:33,2020-09-18 23:20:19,IP Address,103.231.92.178,100,106,True,2020-09-18 23:20:19,R_1I3EgvPgbfvcOcY,,,,,16.7826995849609375,96.177093505859375,anonymous,EN,Strongly Disagree,Neither agree nor disagree,Somewhat disagree,Somewhat agree,Somewhat agree,Neither agree nor disagree,Disagree,,,,,Master's Degree,,Urban,No,,,No
2020-09-18 23:21:40,2020-09-18 23:24:08,IP Address,109.41.67.214,100,148,True,2020-09-18 23:24:09,R_O1HKN5SNCm89nDH,,,,,53.5543975830078125,9.994598388671875,anonymous,EN,Somewhat disagree,Agree,Agree,Somewhat agree,Agree,Agree,Somewhat agree,"Environmentally friendly ","Pricing ",42,Male,Master's Degree,"$120,000 - $160,000",Urban,No,Gernany,Hamburg,No
2020-09-18 23:39:53,2020-09-18 23:42:18,IP Address,84.137.3.63,100,145,True,2020-09-18 23:42:19,R_1JQpSPYAXQQT9Gr,,,,,50.3567047119140625,7.59320068359375,anonymous,EN,Somewhat agree,Disagree,Disagree,Somewhat agree,Somewhat disagree,Agree,Disagree,,,38,Male,Doctorate Degree,"$200,000 - $300,000",Suburban,No,Germany/Rhineland Palatinate,Koblenz,No
2020-09-18 23:53:58,2020-09-18 23:56:31,IP Address,69.160.24.149,100,153,True,2020-09-18 23:56:32,R_28V9Vv3dUxUGIFu,,,,,16.7826995849609375,96.177093505859375,anonymous,EN,Somewhat disagree,Strongly Disagree,Strongly Disagree,Strongly agree,Somewhat agree,Agree,Neither agree nor disagree,Design,Reliability,32,Female,Master's Degree,,Urban,No,Yangon,Yangon,No
2020-09-19 00:04:27,2020-09-19 00:07:03,IP Address,203.81.83.199,100,156,True,2020-09-19 00:07:04,R_1IZ2WzmpzaZUYww,,,,,22,96.08331298828125,anonymous,EN,Somewhat disagree,Strongly Disagree,Neither agree nor disagree,Somewhat agree,Neither agree nor disagree,Agree,Disagree,Not having to pay for the Petrol. Reduce carbon footprint.,"Not so accessible for every country/context. High maintenance.  ",23,Male,Bachelor's Degree,"Less than $40,000",Urban,No,,Yangon,No
2020-09-19 00:19:45,2020-09-19 00:23:31,IP Address,24.112.16.93,100,225,True,2020-09-19 00:23:31,R_3KCw3LrRKiS89Jf,,,,,34.002593994140625,-96.38320159912109375,anonymous,EN,Disagree,Somewhat disagree,Neither agree nor disagree,Somewhat agree,Strongly agree,Strongly Disagree,Neither agree nor disagree,Eco friendly,"Doesn’t seem to be at the same prices as comparable gas cars, can’t go as long as I’d like without charging, not set up to charge at my house ",28,Female,Bachelor's Degree,"$160,000 - $200,000",Suburban,Yes,Texas,Frisco,No
2020-09-19 00:30:45,2020-09-19 00:32:19,IP Address,89.247.252.154,100,94,True,2020-09-19 00:32:20,R_3PuwJP9ZJUydigM,,,,,52.443695068359375,13.5052032470703125,anonymous,EN,Neither agree nor disagree,Neither agree nor disagree,Strongly Disagree,Strongly Disagree,Strongly Disagree,Strongly Disagree,Strongly Disagree,None. I hate all cars,Free public transport,43,Male,Doctorate Degree,"$40,000 - 80,000",Urban,No,Germany,Berlin,No
2020-09-19 01:42:24,2020-09-19 01:44:34,IP Address,84.141.89.100,100,129,True,2020-09-19 01:44:34,R_1C0YFJVWRECAmxH,,,,,51.532501220703125,9.9420928955078125,anonymous,EN,Disagree,Somewhat disagree,Somewhat disagree,Disagree,Agree,Disagree,Somewhat agree,,,42,Female,Master's Degree,"$40,000 - 80,000",Urban,No,Germany,"Göttingen ",No
2020-09-19 04:35:09,2020-09-19 04:39:32,IP Address,208.114.92.16,100,262,True,2020-09-19 04:39:32,R_3jeoxEp9TcvesWJ,,,,,39.5594024658203125,-95.130401611328125,anonymous,EN,Disagree,Somewhat agree,Strongly agree,Strongly agree,Agree,Neither agree nor disagree,Neither agree nor disagree,No buying petro and better for environment,"Affordability ",58,Female,Some College,"$40,000 - 80,000",Rural,Yes,"Kansas ",Atchison,No
2020-09-19 05:15:38,2020-09-19 05:18:33,IP Address,89.14.253.71,100,174,True,2020-09-19 05:18:33,R_31SHuN1uTuZve3L,,,,,52.5312042236328125,13.3878021240234375,anonymous,EN,Disagree,Disagree,Disagree,Disagree,Somewhat agree,Disagree,Neither agree nor disagree,They're silent,A proper range,35,Male,Bachelor's Degree,"$40,000 - 80,000",Urban,No,Berlin,Berlin,No
2020-09-19 10:58:10,2020-09-19 10:59:57,IP Address,50.201.196.100,100,107,True,2020-09-19 10:59:57,R_3kzInYhNfD8Zq3p,,,,,42.0305023193359375,-88.3780975341796875,anonymous,EN,Somewhat agree,Somewhat agree,Agree,Strongly agree,Neither agree nor disagree,Somewhat disagree,Neither agree nor disagree,"No gas needed, saves money",Distance for long trips,28,Female,Bachelor's Degree,"$40,000 - 80,000",Suburban,Yes,Illinois,Pingree Grove,No
2020-09-19 11:43:55,2020-09-19 11:44:52,IP Address,91.1.91.79,100,56,True,2020-09-19 11:44:52,R_1I74mbIOI1sOl7S,,,,,52.4777069091796875,13.29510498046875,anonymous,EN,,,,,,,,,,,,,,,,,,
2020-09-19 11:52:24,2020-09-19 11:54:54,IP Address,104.200.129.62,100,150,True,2020-09-19 11:54:54,R_3NNX7HDg94sTBJy,,,,,47.6031951904296875,-122.3412017822265625,anonymous,EN,Disagree,Agree,Somewhat agree,Somewhat agree,Neither agree nor disagree,Strongly Disagree,Neither agree nor disagree,,,29,Other,Bachelor's Degree,"Less than $40,000",Urban,Yes,"Oregon ","Portland ",No
2020-09-19 11:53:34,2020-09-19 11:55:27,IP Address,72.205.64.100,100,113,True,2020-09-19 11:55:27,R_1NymoiBkh9tJekv,,,,,34.4398040771484375,-119.73149871826171875,anonymous,EN,Disagree,Somewhat agree,Somewhat agree,Strongly agree,Agree,Strongly Disagree,Neither agree nor disagree,,,32,Female,Bachelor's Degree,"$160,000 - $200,000",Urban,Yes,"California ","Santa Barbara ",No
2020-09-19 14:45:41,2020-09-19 14:59:26,IP Address,174.86.252.84,100,824,True,2020-09-19 14:59:26,R_1N2lPCv1pGuhVsy,,,,,38.54229736328125,-89.95880126953125,anonymous,EN,Disagree,Strongly Disagree,Strongly Disagree,Somewhat disagree,Agree,Disagree,Somewhat disagree,Doing something good for the environment.,Distance traveled on one charge,37,Female,Bachelor's Degree,"$120,000 - $160,000",Suburban,Yes,IL,,No
2020-09-19 18:16:51,2020-09-19 18:20:43,IP Address,50.102.69.185,100,232,True,2020-09-19 18:20:44,R_3PFBAeRxWEy1TkR,,,,,41.229095458984375,-85.329498291015625,anonymous,EN,Disagree,Somewhat disagree,Somewhat agree,Neither agree nor disagree,Agree,Somewhat agree,Disagree,,,34,Male,Master's Degree,"$80,000 - 120,000",Suburban,Yes,IL,Lombard,No
2020-09-19 18:18:15,2020-09-19 18:21:02,IP Address,24.216.124.45,100,167,True,2020-09-19 18:21:02,R_1BQ35pzxluKC3GO,,,,,38.575897216796875,-90.51670074462890625,anonymous,EN,Somewhat disagree,Somewhat disagree,Somewhat disagree,Agree,Somewhat disagree,Agree,Neither agree nor disagree,ROI,"National, broadly available infrastructure for recharging.",50,Male,Doctorate Degree,,Suburban,Yes,MO,St. Louis,No
2020-09-19 20:23:47,2020-09-19 20:25:27,IP Address,76.183.147.66,100,99,True,2020-09-19 20:25:27,R_3QMDlM7AYnIqIDq,,,,,32.963592529296875,-96.74680328369140625,anonymous,EN,Somewhat agree,Somewhat agree,Somewhat agree,Neither agree nor disagree,Strongly agree,Somewhat disagree,Agree,,,35,Female,Master's Degree,"$120,000 - $160,000",Suburban,Yes,TX,Richardson,No
2020-09-19 23:18:50,2020-09-19 23:20:10,IP Address,76.176.58.233,100,79,True,2020-09-19 23:20:10,R_1OCBWAeZ6zAjtWN,,,,,33.0287017822265625,-117.0845947265625,anonymous,EN,Strongly Disagree,Disagree,Disagree,Disagree,Neither agree nor disagree,Somewhat disagree,Neither agree nor disagree,no service,high price,44,Male,Master's Degree,,Suburban,Yes,,,
2020-09-20 04:27:52,2020-09-20 04:30:04,IP Address,103.231.94.165,100,132,True,2020-09-20 04:30:05,R_2zpSoQm5GNvGSrf,,,,,16.7826995849609375,96.177093505859375,anonymous,EN,Somewhat disagree,Somewhat agree,Somewhat agree,Strongly Disagree,Strongly agree,Disagree,Somewhat agree,traction and cargo space,traction and cargo space,32,Male,Master's Degree,"$40,000 - 80,000",Urban,No,Myanmar,Yangon,No
2020-09-20 07:08:09,2020-09-20 07:13:16,IP Address,99.112.160.45,100,307,True,2020-09-20 07:13:16,R_3mleNbCfb5nlUE1,,,,,30.3773040771484375,-97.70999908447265625,anonymous,EN,Somewhat agree,Agree,Agree,Disagree,Strongly agree,Agree,Neither agree nor disagree,,"I honestly don’t know much about electric cars other than Tesla. ",24,Female,Master's Degree,"$80,000 - 120,000",Suburban,Yes,"Tx ",Austin,No
2020-09-21 11:26:27,2020-09-21 11:27:40,IP Address,198.54.107.188,100,73,True,2020-09-21 11:27:40,R_3feoaWVvB2Eaw4I,,,,,41.8719024658203125,-87.65889739990234375,anonymous,EN,Disagree,Neither agree nor disagree,Neither agree nor disagree,Somewhat agree,Somewhat agree,Strongly Disagree,Somewhat disagree,Long-term benefits and cost saving,Affordability,29,Male,Bachelor's Degree,"$80,000 - 120,000",Urban,Yes,IL,Chicago,No
2020-09-22 11:45:35,2020-09-22 11:47:12,IP Address,173.161.30.113,100,96,True,2020-09-22 11:47:12,R_3DkaE04UoPrOAOW,,,,,41.4933929443359375,-87.35479736328125,anonymous,EN,Somewhat disagree,Disagree,Disagree,Strongly agree,Somewhat agree,Strongly agree,Somewhat disagree,Emissions/Cheaper fuel,Range/Selection,28,Male,Some College,"$120,000 - $160,000",Rural,Yes,IN,,No
2020-09-22 18:33:46,2020-09-22 18:37:54,IP Address,27.125.145.115,100,247,True,2020-09-22 18:37:55,R_3VEqin7Ji4twgRb,,,,,1.3191070556640625,103.7886962890625,anonymous,EN,Strongly Disagree,Somewhat agree,Strongly Disagree,Strongly Disagree,Strongly Disagree,Strongly Disagree,Strongly Disagree,The technology; drive; acceleration,"Chargers - usb c ports; android car play, ◉‿◉",38.5,Male,Bachelor's Degree,"$160,000 - $200,000",Urban,No,Singapore,Singapore,No
2020-09-22 21:43:10,2020-09-22 21:44:49,IP Address,98.165.117.83,100,98,True,2020-09-22 21:44:49,R_11d2BnuilAOS3El,,,,,33.3123931884765625,-111.91950225830078125,anonymous,EN,Somewhat agree,Somewhat agree,Somewhat agree,Strongly agree,Agree,Neither agree nor disagree,Neither agree nor disagree,"Price of electricity versus price of gas, reduced maintenance cost over the long-run",Range-anxiety for road trips,35,Male,Bachelor's Degree,"$80,000 - 120,000",Suburban,Yes,AZ,Tempe,No
